"site","id","genera","sex","mass_log","age","taken_blood","tested_tissue5s","tested_tissue16s","path_presence","hel_presence","hel_load","hel_rich","tic_presence","tic_load","tic_rich","path_rich","macro_load","site_area_log","site_path_rich","site_vert_rich","site_rod_shan","site_pred_shan","site_qil_18","hel_load_log","tic_load_log"
"SMI","A296","MICA","M",1.562292864,"A",NA,1,NA,1,0,0,0,0,0,0,1,0,-2.9347012,-1.89923339,-0.4826055,-3.94116592,-1.7291196,-0.92651764,0,0
"WP","2349","NEFU","F",2.336459734,"A",0,0,NA,0,0,0,0,1,1,1,1,1,-2.067145,-1.41983012,1.5102113,0.71072504,0.7281536,-0.93062244,0,0.693147180559945
"WP","3226","PERO","M",1.607455023,"A",NA,0,NA,0,NA,NA,NA,0,0,0,0,0,-2.067145,-1.41983012,1.5102113,0.71072504,0.7281536,-0.93062244,NA,0
"WP","3250","PERO","F",1.672097858,"A",NA,0,NA,0,1,6,3,1,1,1,4,7,-2.067145,-1.41983012,1.5102113,0.71072504,0.7281536,-0.93062244,1.94591014905531,0.693147180559945
"WP","A256","NEFU","M",1.991226076,"J",NA,0,NA,0,0,0,0,0,0,0,0,0,-2.067145,-1.41983012,1.5102113,0.71072504,0.7281536,-0.93062244,0,0
"WP","A312","PERO","M",1.568201724,"A",NA,0,NA,0,0,0,0,0,0,0,0,0,-2.067145,-1.41983012,1.5102113,0.71072504,0.7281536,-0.93062244,0,0
"WP","A37","PERO","F",1.556302501,"A",NA,0,NA,0,NA,NA,NA,0,0,0,0,0,-2.067145,-1.41983012,1.5102113,0.71072504,0.7281536,-0.93062244,NA,0
"WP","A40","NEFU","F",2.353146546,"A",NA,0,NA,0,NA,NA,NA,0,0,0,0,0,-2.067145,-1.41983012,1.5102113,0.71072504,0.7281536,-0.93062244,NA,0
"WP","A41","NEFU","F",2.369215857,"A",NA,0,NA,0,1,5,2,0,0,0,2,5,-2.067145,-1.41983012,1.5102113,0.71072504,0.7281536,-0.93062244,1.79175946922805,0
"WP","A569","NEFU","M",2.161368002,"J",NA,0,NA,0,1,3,1,0,0,0,1,3,-2.067145,-1.41983012,1.5102113,0.71072504,0.7281536,-0.93062244,1.38629436111989,0
"WP","A570","PERO","F",1.681241237,"A",0,0,NA,0,NA,NA,NA,0,0,0,0,0,-2.067145,-1.41983012,1.5102113,0.71072504,0.7281536,-0.93062244,NA,0
"WP","A60","MICA","F",1.602059991,"A",0,0,NA,0,1,1,1,0,0,0,1,1,-2.067145,-1.41983012,1.5102113,0.71072504,0.7281536,-0.93062244,0.693147180559945,0
"WP","A61","REME","F",1.096910013,"A",0,0,NA,0,NA,NA,NA,0,0,0,0,0,-2.067145,-1.41983012,1.5102113,0.71072504,0.7281536,-0.93062244,NA,0
"WP","A62","NEFU","F",2.33243846,"A",NA,0,NA,0,0,0,0,0,0,0,0,0,-2.067145,-1.41983012,1.5102113,0.71072504,0.7281536,-0.93062244,0,0
"WP","A63","NEFU","F",2.399673721,"A",NA,0,NA,0,0,0,0,0,0,0,0,0,-2.067145,-1.41983012,1.5102113,0.71072504,0.7281536,-0.93062244,0,0
"WP","A69","NEFU","M",2.498310554,"A",NA,0,NA,0,NA,NA,NA,0,0,0,0,0,-2.067145,-1.41983012,1.5102113,0.71072504,0.7281536,-0.93062244,NA,0
"JSCP","2332","PERO","M",1.380211242,"A",0,0,0,0,NA,NA,NA,0,0,0,0,0,-1.103821,0.49778295,-1.6782956,-1.52744892,-1.7291196,-0.87315524,NA,0
"JSCP","2335","NEFU","F",2.522444234,"A",NA,0,0,0,1,3,1,0,0,0,1,3,-1.103821,0.49778295,-1.6782956,-1.52744892,-1.7291196,-0.87315524,1.38629436111989,0
"JSCP","2365","PERO","M",1.380211242,"A",0,0,0,0,NA,NA,NA,1,1,1,1,1,-1.103821,0.49778295,-1.6782956,-1.52744892,-1.7291196,-0.87315524,NA,0.693147180559945
"JSCP","2378","PERO","M",1.414973348,"A",1,0,0,1,NA,NA,NA,0,0,0,1,0,-1.103821,0.49778295,-1.6782956,-1.52744892,-1.7291196,-0.87315524,NA,0
"JSCP","2385","PERO","M",1.397940009,"A",0,0,0,0,NA,NA,NA,1,2,1,1,2,-1.103821,0.49778295,-1.6782956,-1.52744892,-1.7291196,-0.87315524,NA,1.09861228866811
"JSCP","2386","PERO","F",1.491361694,"A",NA,0,0,0,NA,NA,NA,0,0,0,0,0,-1.103821,0.49778295,-1.6782956,-1.52744892,-1.7291196,-0.87315524,NA,0
"JSCP","2387","PERO","M",1.447158031,"A",0,0,0,0,NA,NA,NA,0,0,0,0,0,-1.103821,0.49778295,-1.6782956,-1.52744892,-1.7291196,-0.87315524,NA,0
"JSCP","2388","NEFU","F",2.447158031,"A",0,1,1,1,0,0,0,0,0,0,1,0,-1.103821,0.49778295,-1.6782956,-1.52744892,-1.7291196,-0.87315524,0,0
"JSCP","2391","PERO","F",1.531478917,"A",NA,0,0,0,NA,NA,NA,1,2,1,1,2,-1.103821,0.49778295,-1.6782956,-1.52744892,-1.7291196,-0.87315524,NA,1.09861228866811
"JSCP","2393","NEFU","M",2.615950052,"A",0,1,1,1,0,0,0,0,0,0,1,0,-1.103821,0.49778295,-1.6782956,-1.52744892,-1.7291196,-0.87315524,0,0
"JSCP","2396","PERO","F",1.447158031,"A",0,0,0,0,NA,NA,NA,0,0,0,0,0,-1.103821,0.49778295,-1.6782956,-1.52744892,-1.7291196,-0.87315524,NA,0
"JSCP","2833","NEFU","F",2.45331834,"A",NA,NA,NA,NA,NA,NA,NA,0,0,0,0,0,-1.103821,0.49778295,-1.6782956,-1.52744892,-1.7291196,-0.87315524,NA,0
"JSCP","A186","PERO","M",1.361727836,"A",0,0,0,0,NA,NA,NA,1,2,1,1,2,-1.103821,0.49778295,-1.6782956,-1.52744892,-1.7291196,-0.87315524,NA,1.09861228866811
"JSCP","A187","PERO","F",1.414973348,"A",NA,0,0,0,NA,NA,NA,0,0,0,0,0,-1.103821,0.49778295,-1.6782956,-1.52744892,-1.7291196,-0.87315524,NA,0
"JSCP","A188","PERO","M",1.371067862,"A",0,0,0,0,NA,NA,NA,0,0,0,0,0,-1.103821,0.49778295,-1.6782956,-1.52744892,-1.7291196,-0.87315524,NA,0
"JSCP","A189","PERO","M",1.371067862,"A",0,0,0,0,NA,NA,NA,0,0,0,0,0,-1.103821,0.49778295,-1.6782956,-1.52744892,-1.7291196,-0.87315524,NA,0
"JSCP","A190","PERO","F",1.371067862,"A",1,0,0,1,0,0,0,0,0,0,1,0,-1.103821,0.49778295,-1.6782956,-1.52744892,-1.7291196,-0.87315524,0,0
"JSCP","A191","PERO","F",1.33243846,"A",NA,0,0,0,NA,NA,NA,1,1,2,2,1,-1.103821,0.49778295,-1.6782956,-1.52744892,-1.7291196,-0.87315524,NA,0.693147180559945
"JSCP","A192","PERO","M",1.380211242,"A",0,0,0,0,NA,NA,NA,0,0,0,0,0,-1.103821,0.49778295,-1.6782956,-1.52744892,-1.7291196,-0.87315524,NA,0
"JSCP","A193","PERO","F",1.290034611,"A",0,1,0,1,0,0,0,0,0,0,1,0,-1.103821,0.49778295,-1.6782956,-1.52744892,-1.7291196,-0.87315524,0,0
"JSCP","A195","NEFU","F",1.336459734,"A",NA,0,0,0,NA,NA,NA,0,0,0,0,0,-1.103821,0.49778295,-1.6782956,-1.52744892,-1.7291196,-0.87315524,NA,0
"JSCP","A196","PERO","M",2.056904851,"J",0,0,0,0,0,0,0,0,0,0,0,0,-1.103821,0.49778295,-1.6782956,-1.52744892,-1.7291196,-0.87315524,0,0
"JSCP","A197","PERO","M",1.423245874,"A",0,0,0,0,NA,NA,NA,1,2,1,1,2,-1.103821,0.49778295,-1.6782956,-1.52744892,-1.7291196,-0.87315524,NA,1.09861228866811
"JSCP","A198","PERO","F",1.385606274,"A",0,0,0,0,NA,NA,NA,1,1,1,1,1,-1.103821,0.49778295,-1.6782956,-1.52744892,-1.7291196,-0.87315524,NA,0.693147180559945
"JSCP","A199","PERO","M",1.42975228,"A",1,0,0,1,0,0,0,1,1,1,2,1,-1.103821,0.49778295,-1.6782956,-1.52744892,-1.7291196,-0.87315524,0,0.693147180559945
"JSCP","A267","PERO","F",1.278753601,"A",0,0,0,0,NA,NA,NA,0,0,0,0,0,-1.103821,0.49778295,-1.6782956,-1.52744892,-1.7291196,-0.87315524,NA,0
"JSCP","A268","NEFU","M",2.201397124,"J",0,0,0,0,0,0,0,0,0,0,0,0,-1.103821,0.49778295,-1.6782956,-1.52744892,-1.7291196,-0.87315524,0,0
"JSCP","A269","NEFU","F",1.963787827,"J",0,0,0,0,0,0,0,0,0,0,0,0,-1.103821,0.49778295,-1.6782956,-1.52744892,-1.7291196,-0.87315524,0,0
"JSCP","A801","NEFU","F",2.399673721,"A",0,0,0,0,1,8,2,0,0,0,2,8,-1.103821,0.49778295,-1.6782956,-1.52744892,-1.7291196,-0.87315524,2.19722457733622,0
"JSCP","A803","PERO","F",1.591064607,"A",1,1,0,1,0,0,0,0,0,0,2,0,-1.103821,0.49778295,-1.6782956,-1.52744892,-1.7291196,-0.87315524,0,0
"JSCP","A804","PERO","F",1.322219295,"A",0,0,0,0,NA,NA,NA,0,0,0,0,0,-1.103821,0.49778295,-1.6782956,-1.52744892,-1.7291196,-0.87315524,NA,0
"JSCP","A805","PERO","M",1.342422681,"A",0,0,0,0,NA,NA,NA,0,0,0,0,0,-1.103821,0.49778295,-1.6782956,-1.52744892,-1.7291196,-0.87315524,NA,0
"JSCP","A806","PERO","M",1.301029996,"A",1,0,0,1,0,0,0,0,0,0,1,0,-1.103821,0.49778295,-1.6782956,-1.52744892,-1.7291196,-0.87315524,0,0
"JSCP","A808","NEFU","F",NA,"A",NA,0,0,0,NA,NA,NA,0,0,0,0,0,-1.103821,0.49778295,-1.6782956,-1.52744892,-1.7291196,-0.87315524,NA,0
"JSCP","A809","PERO","M",1.342422681,"A",0,0,0,0,0,0,0,1,2,2,2,2,-1.103821,0.49778295,-1.6782956,-1.52744892,-1.7291196,-0.87315524,0,1.09861228866811
"JSCP","A810","PERO","M",1.380211242,"A",1,0,0,1,0,0,0,0,0,0,1,0,-1.103821,0.49778295,-1.6782956,-1.52744892,-1.7291196,-0.87315524,0,0
"JSCP","A811","PERO","M",1.342422681,"A",0,0,0,0,NA,NA,NA,0,0,0,0,0,-1.103821,0.49778295,-1.6782956,-1.52744892,-1.7291196,-0.87315524,NA,0
"JSCP","A812","PERO","M",1.397940009,"A",0,0,0,0,NA,NA,NA,0,0,0,0,0,-1.103821,0.49778295,-1.6782956,-1.52744892,-1.7291196,-0.87315524,NA,0
"JSCP","A813","PERO","F",1.342422681,"A",0,0,0,0,NA,NA,NA,0,0,0,0,0,-1.103821,0.49778295,-1.6782956,-1.52744892,-1.7291196,-0.87315524,NA,0
"JSCP","A814","PERO","F",1.301029996,"A",1,0,0,1,0,0,0,0,0,0,1,0,-1.103821,0.49778295,-1.6782956,-1.52744892,-1.7291196,-0.87315524,0,0
"JSCP","A851","PERO","F",1.361727836,"A",0,0,0,0,NA,NA,NA,0,0,0,0,0,-1.103821,0.49778295,-1.6782956,-1.52744892,-1.7291196,-0.87315524,NA,0
"JSCP","A852","PERO","M",1.342422681,"A",0,0,0,0,1,1,1,1,1,1,2,2,-1.103821,0.49778295,-1.6782956,-1.52744892,-1.7291196,-0.87315524,0.693147180559945,0.693147180559945
"JSCP","A853","PERO","F",1.322219295,"A",0,0,0,0,NA,NA,NA,0,0,0,0,0,-1.103821,0.49778295,-1.6782956,-1.52744892,-1.7291196,-0.87315524,NA,0
"JSCP","A854","PERO","F",1.462397998,"A",1,0,0,1,0,0,0,1,1,1,2,1,-1.103821,0.49778295,-1.6782956,-1.52744892,-1.7291196,-0.87315524,0,0.693147180559945
"JSCP","A855","PERO","M",1.431363764,"A",0,0,0,0,NA,NA,NA,1,1,1,1,1,-1.103821,0.49778295,-1.6782956,-1.52744892,-1.7291196,-0.87315524,NA,0.693147180559945
"JSCP","A856","PERO","M",1.491361694,"A",1,0,0,1,0,0,0,1,1,1,2,1,-1.103821,0.49778295,-1.6782956,-1.52744892,-1.7291196,-0.87315524,0,0.693147180559945
"JSCP","A857","NEFU","M",2.11058971,"J",0,NA,NA,NA,0,0,0,1,1,1,1,1,-1.103821,0.49778295,-1.6782956,-1.52744892,-1.7291196,-0.87315524,0,0.693147180559945
"JSCP","A858","PERO","F",1.361727836,"A",0,0,0,0,NA,NA,NA,0,0,0,0,0,-1.103821,0.49778295,-1.6782956,-1.52744892,-1.7291196,-0.87315524,NA,0
"JSCP","A859","PERO","M",1.361727836,"A",0,0,0,0,NA,NA,NA,0,0,0,0,0,-1.103821,0.49778295,-1.6782956,-1.52744892,-1.7291196,-0.87315524,NA,0
"JSCP","A860","PERO","F",1.447158031,"A",0,0,0,0,NA,NA,NA,0,0,0,0,0,-1.103821,0.49778295,-1.6782956,-1.52744892,-1.7291196,-0.87315524,NA,0
"JSCP","A861","NEFU","F",2.045322979,"J",0,1,0,1,0,0,0,0,0,0,1,0,-1.103821,0.49778295,-1.6782956,-1.52744892,-1.7291196,-0.87315524,0,0
"JSCP","A862","PERO","F",1.515873844,"A",1,0,0,1,0,0,0,0,0,0,1,0,-1.103821,0.49778295,-1.6782956,-1.52744892,-1.7291196,-0.87315524,0,0
"JSCP","S797","NEFU","F",2.509202522,"A",0,0,0,0,1,7,1,0,0,0,1,7,-1.103821,0.49778295,-1.6782956,-1.52744892,-1.7291196,-0.87315524,2.07944154167984,0
"JSCP","S802","PERO","M",1.414973348,"A",0,0,0,0,NA,NA,NA,1,2,1,1,2,-1.103821,0.49778295,-1.6782956,-1.52744892,-1.7291196,-0.87315524,NA,1.09861228866811
"JSCP","S808","PERO","F",1.397940009,"A",0,0,0,0,NA,NA,NA,0,0,0,0,0,-1.103821,0.49778295,-1.6782956,-1.52744892,-1.7291196,-0.87315524,NA,0
"JSCP","S821","NEFU","F",2.456366033,"A",0,0,0,0,NA,NA,NA,0,0,0,0,0,-1.103821,0.49778295,-1.6782956,-1.52744892,-1.7291196,-0.87315524,NA,0
"JSCP","S951","PERO","F",1.380211242,"A",0,0,0,0,1,1,1,0,0,0,1,1,-1.103821,0.49778295,-1.6782956,-1.52744892,-1.7291196,-0.87315524,0.693147180559945,0
"JSCP","S997","PERO","M",1.40654018,"A",0,0,0,0,NA,NA,NA,1,1,1,1,1,-1.103821,0.49778295,-1.6782956,-1.52744892,-1.7291196,-0.87315524,NA,0.693147180559945
"WDLP","2326","PERO","F",1.643452676,"A",NA,0,NA,0,NA,NA,NA,0,0,0,0,0,-0.6210434,-0.94042686,-0.4826055,0.2718674,0.4682497,0.8098128,NA,0
"WDLP","2370","PERO","M",1.653212514,"A",NA,0,NA,0,0,0,0,0,0,0,0,0,-0.6210434,-0.94042686,-0.4826055,0.2718674,0.4682497,0.8098128,0,0
"WDLP","2352/2353","NEFU","F",2.376576957,"A",NA,0,NA,0,0,0,0,1,2,1,1,2,-0.6210434,-0.94042686,-0.4826055,0.2718674,0.4682497,0.8098128,0,1.09861228866811
"WDLP","A183","PERO","M",1.361727836,"A",NA,0,NA,0,NA,NA,NA,0,0,0,0,0,-0.6210434,-0.94042686,-0.4826055,0.2718674,0.4682497,0.8098128,NA,0
"WDLP","A184","PERO","M",1.397940009,"A",NA,0,NA,0,NA,NA,NA,0,0,0,0,0,-0.6210434,-0.94042686,-0.4826055,0.2718674,0.4682497,0.8098128,NA,0
"WDLP","A185","PERO","M",1.414973348,"A",NA,0,NA,0,NA,NA,NA,0,0,0,0,0,-0.6210434,-0.94042686,-0.4826055,0.2718674,0.4682497,0.8098128,NA,0
"WDLP","A251","PERO","F",1.72427587,"A",NA,0,NA,0,NA,NA,NA,1,1,1,1,1,-0.6210434,-0.94042686,-0.4826055,0.2718674,0.4682497,0.8098128,NA,0.693147180559945
"WDLP","A252","NEFU","M",2.610660163,"A",NA,NA,NA,NA,0,0,0,1,1,1,1,1,-0.6210434,-0.94042686,-0.4826055,0.2718674,0.4682497,0.8098128,0,0.693147180559945
"WDLP","A253","PERO","F",1.255272505,"A",NA,0,NA,0,NA,NA,NA,0,0,0,0,0,-0.6210434,-0.94042686,-0.4826055,0.2718674,0.4682497,0.8098128,NA,0
"WDLP","A257","PERO","F",1.176091259,"A",NA,0,NA,0,NA,NA,NA,0,0,0,0,0,-0.6210434,-0.94042686,-0.4826055,0.2718674,0.4682497,0.8098128,NA,0
"WDLP","A258","NEFU","F",2.553883027,"A",NA,0,NA,0,NA,NA,NA,0,0,0,0,0,-0.6210434,-0.94042686,-0.4826055,0.2718674,0.4682497,0.8098128,NA,0
"WDLP","A259","NEFU","F",2.478566496,"A",NA,1,NA,1,0,0,0,1,3,1,2,3,-0.6210434,-0.94042686,-0.4826055,0.2718674,0.4682497,0.8098128,0,1.38629436111989
"WDLP","A260","PERO","M",1.301029996,"A",NA,NA,NA,NA,0,0,0,0,0,0,0,0,-0.6210434,-0.94042686,-0.4826055,0.2718674,0.4682497,0.8098128,0,0
"WDLP","A261","PERO","M",1.361727836,"A",NA,0,NA,0,NA,NA,NA,0,0,0,0,0,-0.6210434,-0.94042686,-0.4826055,0.2718674,0.4682497,0.8098128,NA,0
"WDLP","A262","NEFU","F",2.432969291,"A",NA,0,NA,0,NA,NA,NA,0,0,0,0,0,-0.6210434,-0.94042686,-0.4826055,0.2718674,0.4682497,0.8098128,NA,0
"WDLP","A263","PERO","M",1.322219295,"A",NA,0,NA,0,NA,NA,NA,0,0,0,0,0,-0.6210434,-0.94042686,-0.4826055,0.2718674,0.4682497,0.8098128,NA,0
"WDLP","A264","PERO","M",1.414973348,"A",NA,0,NA,0,NA,NA,NA,0,0,0,0,0,-0.6210434,-0.94042686,-0.4826055,0.2718674,0.4682497,0.8098128,NA,0
"WDLP","A266","NEFU","F",2.475671188,"A",NA,0,NA,0,NA,NA,NA,0,0,0,0,0,-0.6210434,-0.94042686,-0.4826055,0.2718674,0.4682497,0.8098128,NA,0
"WDLP","A281","NEFU","F",2.408239965,"A",NA,0,NA,0,NA,NA,NA,1,1,1,1,1,-0.6210434,-0.94042686,-0.4826055,0.2718674,0.4682497,0.8098128,NA,0.693147180559945
"WDLP","A282","PERO","F",1.322219295,"A",NA,0,NA,0,1,1,1,0,0,0,1,1,-0.6210434,-0.94042686,-0.4826055,0.2718674,0.4682497,0.8098128,0.693147180559945,0
"WDLP","A826","PERO","M",1.397940009,"A",NA,0,NA,0,NA,NA,NA,0,0,0,0,0,-0.6210434,-0.94042686,-0.4826055,0.2718674,0.4682497,0.8098128,NA,0
"WDLP","A827","PERO","M",1.342422681,"A",NA,0,NA,0,NA,NA,NA,0,0,0,0,0,-0.6210434,-0.94042686,-0.4826055,0.2718674,0.4682497,0.8098128,NA,0
"WDLP","S720/2371","NEFU","F",2.485721426,"A",NA,1,NA,1,1,6,1,1,1,1,3,7,-0.6210434,-0.94042686,-0.4826055,0.2718674,0.4682497,0.8098128,1.94591014905531,0.693147180559945
"WDLP","S980","PERO","F",1.397940009,"A",NA,0,NA,0,NA,NA,NA,NA,NA,NA,0,0,-0.6210434,-0.94042686,-0.4826055,0.2718674,0.4682497,0.8098128,NA,NA
"WDLP","S986","NEFU","M",2.536558443,"A",NA,0,NA,0,NA,NA,NA,1,1,1,1,1,-0.6210434,-0.94042686,-0.4826055,0.2718674,0.4682497,0.8098128,NA,0.693147180559945
"HOS","2801","PERO","F",1.498310554,"A",0,0,0,0,NA,NA,NA,1,6,2,2,6,-0.4050289,0.4977829,0.7130846,-0.03533295,-0.1460686,-0.04398562,NA,1.94591014905531
"HOS","2817","NEFU","F",2.389166084,"A",0,1,0,1,1,8,1,0,0,0,2,8,-0.4050289,0.4977829,0.7130846,-0.03533295,-0.1460686,-0.04398562,2.19722457733622,0
"HOS","2826","NEFU","F",2.352182518,"A",0,1,0,1,1,10,1,1,3,1,3,13,-0.4050289,0.4977829,0.7130846,-0.03533295,-0.1460686,-0.04398562,2.39789527279837,1.38629436111989
"HOS","2829","NEFU","F",2.475671188,"A",NA,1,0,1,NA,NA,NA,1,7,1,2,7,-0.4050289,0.4977829,0.7130846,-0.03533295,-0.1460686,-0.04398562,NA,2.07944154167984
"HOS","2831","NEFU","M",2.568201724,"A",0,1,0,1,1,6,1,1,12,1,3,18,-0.4050289,0.4977829,0.7130846,-0.03533295,-0.1460686,-0.04398562,1.94591014905531,2.56494935746154
"HOS","2836","NEFU","M",2.580354661,"A",NA,1,0,1,NA,NA,NA,1,9,2,3,9,-0.4050289,0.4977829,0.7130846,-0.03533295,-0.1460686,-0.04398562,NA,2.30258509299405
"HOS","3216","PERO","M",1.44870632,"A",0,0,0,0,NA,NA,NA,0,0,0,0,0,-0.4050289,0.4977829,0.7130846,-0.03533295,-0.1460686,-0.04398562,NA,0
"HOS","3225","NEFU","F",2.178976947,"A",NA,0,0,0,NA,NA,NA,0,0,0,0,0,-0.4050289,0.4977829,0.7130846,-0.03533295,-0.1460686,-0.04398562,NA,0
"HOS","3267","PERO","M",1.431363764,"A",NA,0,0,0,NA,NA,NA,1,2,2,2,2,-0.4050289,0.4977829,0.7130846,-0.03533295,-0.1460686,-0.04398562,NA,1.09861228866811
"HOS","3279","PERO","F",1.698970004,"A",0,0,0,0,NA,NA,NA,1,2,1,1,2,-0.4050289,0.4977829,0.7130846,-0.03533295,-0.1460686,-0.04398562,NA,1.09861228866811
"HOS","3280","PERO","F",1.371067862,"A",1,0,0,1,0,0,0,1,2,1,2,2,-0.4050289,0.4977829,0.7130846,-0.03533295,-0.1460686,-0.04398562,0,1.09861228866811
"HOS","3281","NEFU","M",2.491361694,"A",NA,0,0,0,1,1,1,1,10,2,3,11,-0.4050289,0.4977829,0.7130846,-0.03533295,-0.1460686,-0.04398562,0.693147180559945,2.39789527279837
"HOS","3284","PERO","F",1.45484486,"A",0,0,0,0,NA,NA,NA,0,0,0,0,0,-0.4050289,0.4977829,0.7130846,-0.03533295,-0.1460686,-0.04398562,NA,0
"HOS","3285","NEFU","F",2.437750563,"A",0,0,0,0,NA,NA,NA,0,0,0,0,0,-0.4050289,0.4977829,0.7130846,-0.03533295,-0.1460686,-0.04398562,NA,0
"HOS","3288","NEFU","F",2.23299611,"A",NA,0,0,0,NA,NA,NA,1,1,1,1,1,-0.4050289,0.4977829,0.7130846,-0.03533295,-0.1460686,-0.04398562,NA,0.693147180559945
"HOS","3290","NEFU","M",2.243038049,"A",NA,0,0,0,NA,NA,NA,1,3,1,1,3,-0.4050289,0.4977829,0.7130846,-0.03533295,-0.1460686,-0.04398562,NA,1.38629436111989
"HOS","3291","NEFU","M",2.146128036,"J",0,0,0,0,NA,NA,NA,1,6,2,2,6,-0.4050289,0.4977829,0.7130846,-0.03533295,-0.1460686,-0.04398562,NA,1.94591014905531
"HOS","3294","PERO","M",1.322219295,"A",1,0,0,1,0,0,0,1,1,1,2,1,-0.4050289,0.4977829,0.7130846,-0.03533295,-0.1460686,-0.04398562,0,0.693147180559945
"HOS","3295","PERO","M",1.740362689,"A",1,0,0,1,0,0,0,1,1,1,2,1,-0.4050289,0.4977829,0.7130846,-0.03533295,-0.1460686,-0.04398562,0,0.693147180559945
"HOS","A25","NEFU","F",2.378397901,"A",0,1,1,1,1,3,1,1,2,1,3,5,-0.4050289,0.4977829,0.7130846,-0.03533295,-0.1460686,-0.04398562,1.38629436111989,1.09861228866811
"HOS","A321","PERO","M",NA,"A",0,0,0,0,0,0,0,1,5,1,1,5,-0.4050289,0.4977829,0.7130846,-0.03533295,-0.1460686,-0.04398562,0,1.79175946922805
"HOS","A323","PERO","M",1.423245874,"A",0,0,0,0,NA,NA,NA,0,0,0,0,0,-0.4050289,0.4977829,0.7130846,-0.03533295,-0.1460686,-0.04398562,NA,0
"HOS","A324","PERO","F",1.484299839,"A",NA,0,0,0,0,0,0,1,3,2,2,3,-0.4050289,0.4977829,0.7130846,-0.03533295,-0.1460686,-0.04398562,0,1.38629436111989
"HOS","A325","NEFU","F",2.181843588,"A",NA,0,0,0,0,0,0,1,1,1,1,1,-0.4050289,0.4977829,0.7130846,-0.03533295,-0.1460686,-0.04398562,0,0.693147180559945
"HOS","A48","NEFU","M",2.01911629,"J",NA,0,0,0,NA,NA,NA,1,1,1,1,1,-0.4050289,0.4977829,0.7130846,-0.03533295,-0.1460686,-0.04398562,NA,0.693147180559945
"HOS","A49","PERO","M",1.469822016,"A",NA,0,0,0,NA,NA,NA,0,0,0,0,0,-0.4050289,0.4977829,0.7130846,-0.03533295,-0.1460686,-0.04398562,NA,0
"HOS","A50","PERO","M",1.40654018,"A",NA,1,0,1,0,0,0,1,2,1,2,2,-0.4050289,0.4977829,0.7130846,-0.03533295,-0.1460686,-0.04398562,0,1.09861228866811
"HOS","A53","PERO","M",1.401400541,"A",0,1,0,1,0,0,0,1,1,1,2,1,-0.4050289,0.4977829,0.7130846,-0.03533295,-0.1460686,-0.04398562,0,0.693147180559945
"HOS","A54","NEFU","F",2.499687083,"A",NA,1,0,1,0,0,0,1,11,1,2,11,-0.4050289,0.4977829,0.7130846,-0.03533295,-0.1460686,-0.04398562,0,2.484906649788
"HOS","A55","NEFU","M",2.049218023,"J",0,0,0,0,NA,NA,NA,1,5,1,1,5,-0.4050289,0.4977829,0.7130846,-0.03533295,-0.1460686,-0.04398562,NA,1.79175946922805
"HOS","A56","NEFU","M",2.491361694,"A",NA,1,1,1,1,5,1,1,2,1,3,7,-0.4050289,0.4977829,0.7130846,-0.03533295,-0.1460686,-0.04398562,1.79175946922805,1.09861228866811
"HOS","A57","PERO","M",1.439332694,"A",NA,0,0,0,NA,NA,NA,1,1,1,1,1,-0.4050289,0.4977829,0.7130846,-0.03533295,-0.1460686,-0.04398562,NA,0.693147180559945
"HOS","A571","PERO","F",1.414973348,"A",NA,0,0,0,NA,NA,NA,0,0,0,0,0,-0.4050289,0.4977829,0.7130846,-0.03533295,-0.1460686,-0.04398562,NA,0
"HOS","A573","NEFU","F",2.334453751,"A",NA,0,0,0,0,0,0,1,1,1,1,1,-0.4050289,0.4977829,0.7130846,-0.03533295,-0.1460686,-0.04398562,0,0.693147180559945
"HOS","A574","PERO","M",1.609594409,"A",1,0,0,1,1,3,1,1,1,1,3,4,-0.4050289,0.4977829,0.7130846,-0.03533295,-0.1460686,-0.04398562,1.38629436111989,0.693147180559945
"HOS","A58","PERO","M",1.67669361,"A",NA,0,0,0,NA,NA,NA,0,0,0,0,0,-0.4050289,0.4977829,0.7130846,-0.03533295,-0.1460686,-0.04398562,NA,0
"HOS","A64","PERO","M",1.419955748,"A",NA,0,1,1,0,0,0,1,1,1,1,1,-0.4050289,0.4977829,0.7130846,-0.03533295,-0.1460686,-0.04398562,0,0.693147180559945
"HOS","A65","PERO","M",1.392696953,"A",NA,0,0,0,0,0,0,1,5,1,1,5,-0.4050289,0.4977829,0.7130846,-0.03533295,-0.1460686,-0.04398562,0,1.79175946922805
"HOS","A66","NEFU","F",2.328379603,"A",NA,1,NA,1,0,0,0,0,0,0,1,0,-0.4050289,0.4977829,0.7130846,-0.03533295,-0.1460686,-0.04398562,0,0
"HOS","A67","NEFU","M",2.149219113,"J",NA,0,0,0,NA,NA,NA,1,1,1,1,1,-0.4050289,0.4977829,0.7130846,-0.03533295,-0.1460686,-0.04398562,NA,0.693147180559945
"HOS","A68","NEFU","M",2.586587305,"A",NA,0,1,1,0,0,0,1,10,1,1,10,-0.4050289,0.4977829,0.7130846,-0.03533295,-0.1460686,-0.04398562,0,2.39789527279837
"HOS","A75","PERO","F",1.431363764,"A",NA,0,0,0,NA,NA,NA,0,0,0,0,0,-0.4050289,0.4977829,0.7130846,-0.03533295,-0.1460686,-0.04398562,NA,0
"HOS","N/A","PERO","F",1.439332694,"A",NA,0,0,0,NA,NA,NA,0,0,0,0,0,-0.4050289,0.4977829,0.7130846,-0.03533295,-0.1460686,-0.04398562,NA,0
"HOS","S912","NEFU","F",2.413299764,"A",0,1,NA,1,1,9,1,0,0,0,2,9,-0.4050289,0.4977829,0.7130846,-0.03533295,-0.1460686,-0.04398562,2.30258509299405,0
"TUP","2841","NEFU","M",2.361727836,"A",NA,0,NA,0,NA,NA,NA,0,0,0,0,0,-0.1452017,-1.89923339,-0.4826055,1.10569691,-0.0988133,-0.91830804,NA,0
"TUP","2844","NEFU","F",2.371067862,"A",NA,0,NA,0,1,1,1,0,0,0,1,1,-0.1452017,-1.89923339,-0.4826055,1.10569691,-0.0988133,-0.91830804,0.693147180559945,0
"TUP","2845","NEFU","F",2.387923467,"A",NA,0,NA,0,NA,NA,NA,1,2,1,1,2,-0.1452017,-1.89923339,-0.4826055,1.10569691,-0.0988133,-0.91830804,NA,1.09861228866811
"TUP","2880","PERO","M",1.33243846,"A",NA,0,NA,0,NA,NA,NA,1,1,1,1,1,-0.1452017,-1.89923339,-0.4826055,1.10569691,-0.0988133,-0.91830804,NA,0.693147180559945
"TUP","2882","PERO","M",1.33243846,"A",NA,0,NA,0,NA,NA,NA,0,0,0,0,0,-0.1452017,-1.89923339,-0.4826055,1.10569691,-0.0988133,-0.91830804,NA,0
"TUP","2884","PERO","M",1.318063335,"A",NA,0,NA,0,NA,NA,NA,0,0,0,0,0,-0.1452017,-1.89923339,-0.4826055,1.10569691,-0.0988133,-0.91830804,NA,0
"TUP","2898","PERO","M",1.342422681,"A",NA,0,NA,0,NA,NA,NA,1,1,1,1,1,-0.1452017,-1.89923339,-0.4826055,1.10569691,-0.0988133,-0.91830804,NA,0.693147180559945
"TUP","3066","NEFU","F",2.396199347,"A",NA,0,NA,0,NA,NA,NA,0,0,0,0,0,-0.1452017,-1.89923339,-0.4826055,1.10569691,-0.0988133,-0.91830804,NA,0
"TUP","A142","PERO","F",1.322219295,"A",NA,0,NA,0,NA,NA,NA,0,0,0,0,0,-0.1452017,-1.89923339,-0.4826055,1.10569691,-0.0988133,-0.91830804,NA,0
"TUP","A823","PERO","F",1.340444115,"J",NA,0,NA,0,NA,NA,NA,0,0,0,0,0,-0.1452017,-1.89923339,-0.4826055,1.10569691,-0.0988133,-0.91830804,NA,0
"TUP","A824","NEFU","F",2.353531559,"A",NA,0,NA,0,NA,NA,NA,1,3,1,1,3,-0.1452017,-1.89923339,-0.4826055,1.10569691,-0.0988133,-0.91830804,NA,1.38629436111989
"TUP","A825","PERO","M",1.344392274,"A",NA,0,NA,0,NA,NA,NA,0,0,0,0,0,-0.1452017,-1.89923339,-0.4826055,1.10569691,-0.0988133,-0.91830804,NA,0
"TUP","A848","PERO","F",1.255272505,"A",NA,0,NA,0,NA,NA,NA,1,1,1,1,1,-0.1452017,-1.89923339,-0.4826055,1.10569691,-0.0988133,-0.91830804,NA,0.693147180559945
"TUP","A849","NEFU",NA,NA,"A",NA,0,NA,0,NA,NA,NA,0,0,0,0,0,-0.1452017,-1.89923339,-0.4826055,1.10569691,-0.0988133,-0.91830804,NA,0
"TUP","A850","NEFU","F",2.423245874,"A",NA,0,NA,0,NA,NA,NA,0,0,0,0,0,-0.1452017,-1.89923339,-0.4826055,1.10569691,-0.0988133,-0.91830804,NA,0
"TUP","A874","PERO","F",1.217483944,"A",NA,0,NA,0,NA,NA,NA,0,0,0,0,0,-0.1452017,-1.89923339,-0.4826055,1.10569691,-0.0988133,-0.91830804,NA,0
"TUP","A875","NEFU","F",2.426511261,"A",NA,0,NA,0,NA,NA,NA,1,1,1,1,1,-0.1452017,-1.89923339,-0.4826055,1.10569691,-0.0988133,-0.91830804,NA,0.693147180559945
"TUP","A927","PERO","F",1.220108088,"A",NA,0,NA,0,NA,NA,NA,1,1,1,1,1,-0.1452017,-1.89923339,-0.4826055,1.10569691,-0.0988133,-0.91830804,NA,0.693147180559945
"TUP","A928","MICA","M",1.544068044,"A",NA,0,NA,0,NA,NA,NA,0,0,0,0,0,-0.1452017,-1.89923339,-0.4826055,1.10569691,-0.0988133,-0.91830804,NA,0
"TUP","A940","NEFU","F",2.021189299,"J",NA,0,NA,0,NA,NA,NA,0,0,0,0,0,-0.1452017,-1.89923339,-0.4826055,1.10569691,-0.0988133,-0.91830804,NA,0
"TUP","A947","PERO","M",1.426511261,"A",NA,0,NA,0,NA,NA,NA,0,0,0,0,0,-0.1452017,-1.89923339,-0.4826055,1.10569691,-0.0988133,-0.91830804,NA,0
"TUP","A948","NEFU","F",1.982271233,"J",NA,0,NA,0,1,1,1,0,0,0,1,1,-0.1452017,-1.89923339,-0.4826055,1.10569691,-0.0988133,-0.91830804,0.693147180559945,0
"TUP","A949","PERO","F",1.424881637,"A",NA,0,NA,0,NA,NA,NA,1,2,1,1,2,-0.1452017,-1.89923339,-0.4826055,1.10569691,-0.0988133,-0.91830804,NA,1.09861228866811
"TUP","A963","NEFU","F",NA,"A",NA,0,NA,0,1,1,1,0,0,0,1,1,-0.1452017,-1.89923339,-0.4826055,1.10569691,-0.0988133,-0.91830804,0.693147180559945,0
"LFY","2873","NEFU","F",2.403120521,"A",NA,0,NA,0,1,2,1,0,0,0,1,2,0.1665657,-1.41983012,0.7130846,0.49129622,1.909535,-0.67612483,1.09861228866811,0
"LFY","3212","PERO","F",1.278753601,"J",NA,0,NA,0,NA,NA,NA,1,1,1,1,1,0.1665657,-1.41983012,0.7130846,0.49129622,1.909535,-0.67612483,NA,0.693147180559945
"LFY","3213","PERO","M",1.113943352,"J",NA,0,NA,0,NA,NA,NA,0,0,0,0,0,0.1665657,-1.41983012,0.7130846,0.49129622,1.909535,-0.67612483,NA,0
"LFY","3221","PERO","F",1.123851641,"J",NA,0,NA,0,NA,NA,NA,0,0,0,0,0,0.1665657,-1.41983012,0.7130846,0.49129622,1.909535,-0.67612483,NA,0
"LFY","3257","PERO","M",1.477121255,"A",NA,0,NA,0,NA,NA,NA,0,0,0,0,0,0.1665657,-1.41983012,0.7130846,0.49129622,1.909535,-0.67612483,NA,0
"LFY","3260","PERO","F",1.371067862,"J",0,0,NA,0,NA,NA,NA,0,0,0,0,0,0.1665657,-1.41983012,0.7130846,0.49129622,1.909535,-0.67612483,NA,0
"LFY","3264","PERO","M",1.322219295,"A",0,0,NA,0,NA,NA,NA,1,3,1,1,3,0.1665657,-1.41983012,0.7130846,0.49129622,1.909535,-0.67612483,NA,1.38629436111989
"LFY","3268","PERO","F",1.498310554,"A",0,0,NA,0,NA,NA,NA,0,0,0,0,0,0.1665657,-1.41983012,0.7130846,0.49129622,1.909535,-0.67612483,NA,0
"LFY","3269","PERO","M",1.45484486,"A",NA,0,NA,0,NA,NA,NA,1,1,1,1,1,0.1665657,-1.41983012,0.7130846,0.49129622,1.909535,-0.67612483,NA,0.693147180559945
"LFY","3276","NEFU","F",2.411619706,"A",0,0,NA,0,NA,NA,NA,1,1,1,1,1,0.1665657,-1.41983012,0.7130846,0.49129622,1.909535,-0.67612483,NA,0.693147180559945
"LFY","A273","NEFU","F",2.278753601,"A",0,0,NA,0,NA,NA,NA,0,0,0,0,0,0.1665657,-1.41983012,0.7130846,0.49129622,1.909535,-0.67612483,NA,0
"LFY","A275","PERO","M",1.397940009,"A",NA,0,NA,0,NA,NA,NA,0,0,0,0,0,0.1665657,-1.41983012,0.7130846,0.49129622,1.909535,-0.67612483,NA,0
"LFY","A52","PERO","F",1.531478917,"A",NA,0,NA,0,0,0,0,0,0,0,0,0,0.1665657,-1.41983012,0.7130846,0.49129622,1.909535,-0.67612483,0,0
"LFY","A562","PERO","F",1.491361694,"A",NA,0,NA,0,NA,NA,NA,0,0,0,0,0,0.1665657,-1.41983012,0.7130846,0.49129622,1.909535,-0.67612483,NA,0
"LFY","A563","PERO","F",1.582063363,"A",NA,0,NA,0,NA,NA,NA,0,0,0,0,0,0.1665657,-1.41983012,0.7130846,0.49129622,1.909535,-0.67612483,NA,0
"LFY","A564","PERO","M",1.238046103,"J",NA,0,NA,0,NA,NA,NA,0,0,0,0,0,0.1665657,-1.41983012,0.7130846,0.49129622,1.909535,-0.67612483,NA,0
"LFY","A565","PERO",NA,1.311753861,"A",NA,0,NA,0,NA,NA,NA,0,0,0,0,0,0.1665657,-1.41983012,0.7130846,0.49129622,1.909535,-0.67612483,NA,0
"LFY","A566","PERO","M",1.471291711,"A",NA,0,NA,0,NA,NA,NA,1,3,2,2,3,0.1665657,-1.41983012,0.7130846,0.49129622,1.909535,-0.67612483,NA,1.38629436111989
"LFY","A567","NEFU","F",2.492760389,"A",NA,0,NA,0,NA,NA,NA,0,0,0,0,0,0.1665657,-1.41983012,0.7130846,0.49129622,1.909535,-0.67612483,NA,0
"LFY","A926","PERO","F",1.579783597,"A",0,0,NA,0,NA,NA,NA,0,0,0,0,0,0.1665657,-1.41983012,0.7130846,0.49129622,1.909535,-0.67612483,NA,0
"LFY","A974","PERO","M",1.447158031,"A",0,0,NA,0,NA,NA,NA,0,0,0,0,0,0.1665657,-1.41983012,0.7130846,0.49129622,1.909535,-0.67612483,NA,0
"CCSP","2358","NEFU","F",2.449478399,"A",0,0,NA,0,1,16,1,1,16,1,2,32,0.6769445,0.01837968,0.7130846,0.93015386,-0.1224409,1.62666801,2.83321334405622,2.83321334405622
"CCSP","3201","NEFU","M",2.45484486,"A",0,1,NA,1,NA,NA,NA,1,9,1,2,9,0.6769445,0.01837968,0.7130846,0.93015386,-0.1224409,1.62666801,NA,2.30258509299405
"CCSP","3202","PERO","M",1.371067862,"A",0,0,NA,0,NA,NA,NA,1,2,1,1,2,0.6769445,0.01837968,0.7130846,0.93015386,-0.1224409,1.62666801,NA,1.09861228866811
"CCSP","3203","NEFU","M",2.383815366,"A",0,0,NA,0,0,0,0,1,9,1,1,9,0.6769445,0.01837968,0.7130846,0.93015386,-0.1224409,1.62666801,0,2.30258509299405
"CCSP","3204","PERO","M",1.209515015,"A",0,0,NA,0,NA,NA,NA,0,0,0,0,0,0.6769445,0.01837968,0.7130846,0.93015386,-0.1224409,1.62666801,NA,0
"CCSP","3205","NEFU","F",2.294466226,"A",0,0,NA,0,NA,NA,NA,1,14,1,1,14,0.6769445,0.01837968,0.7130846,0.93015386,-0.1224409,1.62666801,NA,2.70805020110221
"CCSP","3206","NEFU","M",2.527629901,"A",0,0,NA,0,1,13,1,1,5,1,2,18,0.6769445,0.01837968,0.7130846,0.93015386,-0.1224409,1.62666801,2.63905732961526,1.79175946922805
"CCSP","3207","PERO","F",1.309630167,"A",0,0,NA,0,NA,NA,NA,1,1,1,1,1,0.6769445,0.01837968,0.7130846,0.93015386,-0.1224409,1.62666801,NA,0.693147180559945
"CCSP","3208","NEFU","F",2.075546961,"J",0,0,NA,0,0,0,0,1,2,1,1,2,0.6769445,0.01837968,0.7130846,0.93015386,-0.1224409,1.62666801,0,1.09861228866811
"CCSP","3209","NEFU","F",2.371067862,"A",0,0,NA,0,1,70,1,1,25,1,2,95,0.6769445,0.01837968,0.7130846,0.93015386,-0.1224409,1.62666801,4.26267987704132,3.25809653802148
"CCSP","3210","NEFU","M",2.127104798,"A",0,0,NA,0,NA,NA,NA,1,23,1,1,23,0.6769445,0.01837968,0.7130846,0.93015386,-0.1224409,1.62666801,NA,3.17805383034795
"CCSP","3251","PERO","F",1.301029996,"A",NA,0,NA,0,NA,NA,NA,0,0,0,0,0,0.6769445,0.01837968,0.7130846,0.93015386,-0.1224409,1.62666801,NA,0
"CCSP","3252","NEFU","M",2.547774705,"A",0,0,NA,0,NA,NA,NA,1,17,1,1,17,0.6769445,0.01837968,0.7130846,0.93015386,-0.1224409,1.62666801,NA,2.89037175789616
"CCSP","3253","PERO","F",1.290034611,"A",0,1,NA,1,0,0,0,0,0,0,1,0,0.6769445,0.01837968,0.7130846,0.93015386,-0.1224409,1.62666801,0,0
"CCSP","3254","PERO","F",1.267171728,"A",NA,0,NA,0,NA,NA,NA,0,0,0,0,0,0.6769445,0.01837968,0.7130846,0.93015386,-0.1224409,1.62666801,NA,0
"CCSP","3255","PERO","M",1.243038049,"A",0,0,NA,0,NA,NA,NA,1,2,1,1,2,0.6769445,0.01837968,0.7130846,0.93015386,-0.1224409,1.62666801,NA,1.09861228866811
"CCSP","3256","NEFU","F",2.2509077,"A",0,NA,NA,NA,1,1,1,1,3,1,2,4,0.6769445,0.01837968,0.7130846,0.93015386,-0.1224409,1.62666801,0.693147180559945,1.38629436111989
"CCSP","3259","PERO","F",1.267171728,"A",0,0,NA,0,NA,NA,NA,1,1,1,1,1,0.6769445,0.01837968,0.7130846,0.93015386,-0.1224409,1.62666801,NA,0.693147180559945
"CCSP","3263","NEFU","M",2.544068044,"A",0,NA,NA,NA,NA,NA,NA,0,0,0,0,0,0.6769445,0.01837968,0.7130846,0.93015386,-0.1224409,1.62666801,NA,0
"CCSP","3265","REME","F",0.929418926,"J",NA,0,NA,0,NA,NA,NA,1,2,1,1,2,0.6769445,0.01837968,0.7130846,0.93015386,-0.1224409,1.62666801,NA,1.09861228866811
"CCSP","3272","NEFU","M",2.495544338,"A",0,0,NA,0,0,0,0,1,19,1,1,19,0.6769445,0.01837968,0.7130846,0.93015386,-0.1224409,1.62666801,0,2.99573227355399
"CCSP","3273","NEFU","M",1.243038049,"A",0,0,NA,0,NA,NA,NA,1,2,1,1,2,0.6769445,0.01837968,0.7130846,0.93015386,-0.1224409,1.62666801,NA,1.09861228866811
"CCSP","A13","PERO","M",1.164352856,"A",0,0,NA,0,0,0,0,0,0,0,0,0,0.6769445,0.01837968,0.7130846,0.93015386,-0.1224409,1.62666801,0,0
"CCSP","A14","NEFU","F",1.240549248,"A",0,0,NA,0,NA,NA,NA,0,0,0,0,0,0.6769445,0.01837968,0.7130846,0.93015386,-0.1224409,1.62666801,NA,0
"CCSP","A143","NEFU","F",2.519171464,"A",NA,0,NA,0,1,36,1,1,23,1,2,59,0.6769445,0.01837968,0.7130846,0.93015386,-0.1224409,1.62666801,3.61091791264422,3.17805383034795
"CCSP","A144","PERO","F",1.29666519,"A",0,0,NA,0,0,0,0,0,0,0,0,0,0.6769445,0.01837968,0.7130846,0.93015386,-0.1224409,1.62666801,0,0
"CCSP","A145","PERO","M",1.290034611,"A",0,0,NA,0,NA,NA,NA,1,3,1,1,3,0.6769445,0.01837968,0.7130846,0.93015386,-0.1224409,1.62666801,NA,1.38629436111989
"CCSP","A146","MICA","F",1.551449998,"A",0,0,NA,0,NA,NA,NA,1,3,1,1,3,0.6769445,0.01837968,0.7130846,0.93015386,-0.1224409,1.62666801,NA,1.38629436111989
"CCSP","A147","PERO","M",1.252853031,"A",0,0,NA,0,NA,NA,NA,1,4,1,1,4,0.6769445,0.01837968,0.7130846,0.93015386,-0.1224409,1.62666801,NA,1.6094379124341
"CCSP","A148","PERO","M",1.361727836,"A",0,0,NA,0,NA,NA,NA,1,1,1,1,1,0.6769445,0.01837968,0.7130846,0.93015386,-0.1224409,1.62666801,NA,0.693147180559945
"CCSP","A149","PERO","M",1.292256071,"A",0,0,NA,0,NA,NA,NA,1,2,1,1,2,0.6769445,0.01837968,0.7130846,0.93015386,-0.1224409,1.62666801,NA,1.09861228866811
"CCSP","A15","PERO","F",1.089905111,"J",0,0,NA,0,NA,NA,NA,0,0,0,0,0,0.6769445,0.01837968,0.7130846,0.93015386,-0.1224409,1.62666801,NA,0
"CCSP","A17","PERO","M",1.220108088,"A",0,0,NA,0,NA,NA,NA,1,11,1,1,11,0.6769445,0.01837968,0.7130846,0.93015386,-0.1224409,1.62666801,NA,2.484906649788
"CCSP","A18","NEFU","F",1.86923172,"J",0,0,NA,0,0,0,0,1,14,1,1,14,0.6769445,0.01837968,0.7130846,0.93015386,-0.1224409,1.62666801,0,2.70805020110221
"CCSP","A297","PERO","F",1.439332694,"A",0,0,NA,0,NA,NA,NA,0,0,0,0,0,0.6769445,0.01837968,0.7130846,0.93015386,-0.1224409,1.62666801,NA,0
"CCSP","A298","PERO","M",1.278753601,"A",0,0,NA,0,NA,NA,NA,1,1,1,1,1,0.6769445,0.01837968,0.7130846,0.93015386,-0.1224409,1.62666801,NA,0.693147180559945
"CCSP","A299","PERO","M",1.322219295,"A",0,0,NA,0,0,0,0,1,4,1,1,4,0.6769445,0.01837968,0.7130846,0.93015386,-0.1224409,1.62666801,0,1.6094379124341
"CCSP","A300","PERO","M",1.301029996,"A",0,0,NA,0,0,0,0,1,2,1,1,2,0.6769445,0.01837968,0.7130846,0.93015386,-0.1224409,1.62666801,0,1.09861228866811
"CCSP","A334","NEFU","M",2.470263447,"A",0,0,NA,0,1,22,1,1,22,1,2,44,0.6769445,0.01837968,0.7130846,0.93015386,-0.1224409,1.62666801,3.13549421592915,3.13549421592915
"CCSP","A559","PERO","M",1.352182518,"A",0,0,NA,0,NA,NA,NA,1,1,1,1,1,0.6769445,0.01837968,0.7130846,0.93015386,-0.1224409,1.62666801,NA,0.693147180559945
"CCSP","A560","PERO","M",1.33243846,"A",0,0,NA,0,NA,NA,NA,1,1,1,1,1,0.6769445,0.01837968,0.7130846,0.93015386,-0.1224409,1.62666801,NA,0.693147180559945
"CCSP","A651","PERO","M",1.281033367,"A",0,0,NA,0,NA,NA,NA,1,2,1,1,2,0.6769445,0.01837968,0.7130846,0.93015386,-0.1224409,1.62666801,NA,1.09861228866811
"CCSP","A934","PERO","F",1.298853076,"A",0,0,NA,0,NA,NA,NA,0,0,0,0,0,0.6769445,0.01837968,0.7130846,0.93015386,-0.1224409,1.62666801,NA,0
"CCSP","A935","PERO","F",1.371067862,"A",NA,0,NA,0,0,0,0,1,1,1,1,1,0.6769445,0.01837968,0.7130846,0.93015386,-0.1224409,1.62666801,0,0.693147180559945
"CCSP","A936","PERO","M",1.305351369,"A",0,0,NA,0,NA,NA,NA,1,1,1,1,1,0.6769445,0.01837968,0.7130846,0.93015386,-0.1224409,1.62666801,NA,0.693147180559945
"CCSP","A938","NEFU","F",2.433449794,"A",0,0,NA,0,1,51,1,1,7,1,2,58,0.6769445,0.01837968,0.7130846,0.93015386,-0.1224409,1.62666801,3.95124371858143,2.07944154167984
"CCSP","A939","MICA","F",1.810904281,"A",0,0,NA,0,NA,NA,NA,0,0,0,0,0,0.6769445,0.01837968,0.7130846,0.93015386,-0.1224409,1.62666801,NA,0
"CCSP","A941","MICA","M",1.73239376,"A",0,0,NA,0,NA,NA,NA,1,1,1,1,1,0.6769445,0.01837968,0.7130846,0.93015386,-0.1224409,1.62666801,NA,0.693147180559945
"CCSP","A942","PERO","M",1.271841607,"J",0,0,NA,0,NA,NA,NA,0,0,0,0,0,0.6769445,0.01837968,0.7130846,0.93015386,-0.1224409,1.62666801,NA,0
"CCSP","A943","PERO","F",1.31386722,"J",NA,0,NA,0,NA,NA,NA,0,0,0,0,0,0.6769445,0.01837968,0.7130846,0.93015386,-0.1224409,1.62666801,NA,0
"CCSP","A945","NEFU","M",2.416307587,"A",0,0,NA,0,NA,NA,NA,1,2,1,1,2,0.6769445,0.01837968,0.7130846,0.93015386,-0.1224409,1.62666801,NA,1.09861228866811
"CCSP","S964","NEFU","F",2.387389826,"A",0,0,NA,0,NA,NA,NA,1,3,1,1,3,0.6769445,0.01837968,0.7130846,0.93015386,-0.1224409,1.62666801,NA,1.38629436111989
"CCSP","S988","NEFU","F",2.397940009,"A",0,0,NA,0,NA,NA,NA,1,4,1,1,4,0.6769445,0.01837968,0.7130846,0.93015386,-0.1224409,1.62666801,NA,1.6094379124341
"CCSP","2856","NEFU","F",2.44870632,"A",0,0,0,0,NA,NA,NA,1,4,1,1,4,0.6769445,0.01837968,0.7130846,0.93015386,-0.1224409,1.62666801,NA,1.6094379124341
"SLRP","3214","PERO","M",1.378397901,"A",NA,0,0,0,0,0,0,0,0,0,0,0,1.1712554,0.01837968,0.7130846,0.93015386,-0.1224409,1.62666801,0,0
"SLRP","3215","PERO","F",1.477121255,"A",0,0,0,0,NA,NA,NA,0,0,0,0,0,1.1712554,0.01837968,0.7130846,0.93015386,-0.1224409,1.62666801,NA,0
"SLRP","3217","MICA","F",1.599883072,"A",0,0,0,0,NA,NA,NA,1,1,1,1,1,1.1712554,0.01837968,0.7130846,0.93015386,-0.1224409,1.62666801,NA,0.693147180559945
"SLRP","3218","PERO","F",1.315970345,"A",0,0,0,0,NA,NA,NA,0,0,0,0,0,1.1712554,0.01837968,0.7130846,0.93015386,-0.1224409,1.62666801,NA,0
"SLRP","3219","PERO","F",1.176091259,"J",0,0,0,0,NA,NA,NA,0,0,0,0,0,1.1712554,0.01837968,0.7130846,0.93015386,-0.1224409,1.62666801,NA,0
"SLRP","3223","PERO","M",1.397940009,"A",NA,0,0,0,NA,NA,NA,0,0,0,0,0,1.1712554,0.01837968,0.7130846,0.93015386,-0.1224409,1.62666801,NA,0
"SLRP","3258","PERO","M",1.322219295,"A",1,0,0,1,0,0,0,0,0,0,1,0,1.1712554,0.01837968,0.7130846,0.93015386,-0.1224409,1.62666801,0,0
"SLRP","3261","PERO","M",1.380211242,"A",1,0,0,1,NA,NA,NA,1,1,1,2,1,1.1712554,0.01837968,0.7130846,0.93015386,-0.1224409,1.62666801,NA,0.693147180559945
"SLRP","3262","PERO","F",1.204119983,"J",1,0,0,1,0,0,0,1,3,1,2,3,1.1712554,0.01837968,0.7130846,0.93015386,-0.1224409,1.62666801,0,1.38629436111989
"SLRP","3266","PERO","M",1.33243846,"A",1,0,0,1,0,0,0,1,1,1,2,1,1.1712554,0.01837968,0.7130846,0.93015386,-0.1224409,1.62666801,0,0.693147180559945
"SLRP","3270","PERO","M",1.414973348,"A",0,0,0,0,NA,NA,NA,1,2,2,2,2,1.1712554,0.01837968,0.7130846,0.93015386,-0.1224409,1.62666801,NA,1.09861228866811
"SLRP","3274","PERO","F",1.278753601,"A",0,0,0,0,NA,NA,NA,1,3,1,1,3,1.1712554,0.01837968,0.7130846,0.93015386,-0.1224409,1.62666801,NA,1.38629436111989
"SLRP","3275","PERO","F",1.352182518,"A",1,0,0,1,0,0,0,0,0,0,1,0,1.1712554,0.01837968,0.7130846,0.93015386,-0.1224409,1.62666801,0,0
"SLRP","A19","PERO","F",1.511883361,"A",1,0,0,1,0,0,0,1,2,1,2,2,1.1712554,0.01837968,0.7130846,0.93015386,-0.1224409,1.62666801,0,1.09861228866811
"SLRP","A20","NEFU","F",2.290034611,"A",0,0,0,0,0,0,0,1,14,2,2,14,1.1712554,0.01837968,0.7130846,0.93015386,-0.1224409,1.62666801,0,2.70805020110221
"SLRP","A21","PERO","M",1.354108439,"A",0,0,0,0,NA,NA,NA,1,2,1,1,2,1.1712554,0.01837968,0.7130846,0.93015386,-0.1224409,1.62666801,NA,1.09861228866811
"SLRP","A22","PERO","F",1.414973348,"A",0,0,0,0,NA,NA,NA,1,1,1,1,1,1.1712554,0.01837968,0.7130846,0.93015386,-0.1224409,1.62666801,NA,0.693147180559945
"SLRP","A23","PERO","M",1.371067862,"A",0,0,0,0,NA,NA,NA,0,0,0,0,0,1.1712554,0.01837968,0.7130846,0.93015386,-0.1224409,1.62666801,NA,0
"SLRP","A24","PERO","M",1.426511261,"A",NA,0,0,0,0,0,0,0,0,0,0,0,1.1712554,0.01837968,0.7130846,0.93015386,-0.1224409,1.62666801,0,0
"SLRP","A318","PERO","M",1.457881897,"A",NA,0,0,0,0,0,0,1,2,1,1,2,1.1712554,0.01837968,0.7130846,0.93015386,-0.1224409,1.62666801,0,1.09861228866811
"SLRP","A319","NEFU","M",2.45331834,"A",NA,0,0,0,1,1,1,1,4,3,4,5,1.1712554,0.01837968,0.7130846,0.93015386,-0.1224409,1.62666801,0.693147180559945,1.6094379124341
"SLRP","A320","PERO","F",1.40654018,"A",NA,0,0,0,NA,NA,NA,1,1,1,1,1,1.1712554,0.01837968,0.7130846,0.93015386,-0.1224409,1.62666801,NA,0.693147180559945
"SLRP","A572","PERO","F",1.495544338,"A",NA,0,0,0,NA,NA,NA,1,1,1,1,1,1.1712554,0.01837968,0.7130846,0.93015386,-0.1224409,1.62666801,NA,0.693147180559945
"WH","A1","PERO","M",1.389166084,"A",0,0,0,0,NA,NA,NA,1,3,2,2,3,1.3816875,1.45658948,0.7130846,0.53518198,0.8699194,-0.72127764,NA,1.38629436111989
"WH","A10","PERO","F",1.525044807,"A",NA,0,0,0,NA,NA,NA,1,1,1,1,1,1.3816875,1.45658948,0.7130846,0.53518198,0.8699194,-0.72127764,NA,0.693147180559945
"WH","A11","PERO","F",1.579783597,"A",0,0,0,0,NA,NA,NA,0,0,0,0,0,1.3816875,1.45658948,0.7130846,0.53518198,0.8699194,-0.72127764,NA,0
"WH","A12","PERO","F",1.414973348,"A",0,0,0,0,NA,NA,NA,0,0,0,0,0,1.3816875,1.45658948,0.7130846,0.53518198,0.8699194,-0.72127764,NA,0
"WH","A140","PERO","M",1.255272505,"A",0,1,NA,1,0,0,0,1,5,3,4,5,1.3816875,1.45658948,0.7130846,0.53518198,0.8699194,-0.72127764,0,1.79175946922805
"WH","A141","NEFU","F",2.334453751,"A",0,1,1,1,0,0,0,0,0,0,1,0,1.3816875,1.45658948,0.7130846,0.53518198,0.8699194,-0.72127764,0,0
"WH","A2","PERO","M",1.176091259,"J",0,0,NA,0,NA,NA,NA,0,0,0,0,0,1.3816875,1.45658948,0.7130846,0.53518198,0.8699194,-0.72127764,NA,0
"WH","A3","PERO","M",1.322219295,"A",0,0,0,0,NA,NA,NA,0,0,0,0,0,1.3816875,1.45658948,0.7130846,0.53518198,0.8699194,-0.72127764,NA,0
"WH","A307","PERO","F",1.243038049,"A",0,0,0,0,NA,NA,NA,0,0,0,0,0,1.3816875,1.45658948,0.7130846,0.53518198,0.8699194,-0.72127764,NA,0
"WH","A308","PERO","F",1.428134794,"A",NA,0,0,0,NA,NA,NA,0,0,0,0,0,1.3816875,1.45658948,0.7130846,0.53518198,0.8699194,-0.72127764,NA,0
"WH","A309","NEFU","F",NA,"A",0,0,0,0,NA,NA,NA,1,1,1,1,1,1.3816875,1.45658948,0.7130846,0.53518198,0.8699194,-0.72127764,NA,0.693147180559945
"WH","A310","PERO","F",1.643452676,"A",0,0,0,0,NA,NA,NA,1,1,1,1,1,1.3816875,1.45658948,0.7130846,0.53518198,0.8699194,-0.72127764,NA,0.693147180559945
"WH","A311","PERO","M",1.414973348,"A",0,0,0,0,NA,NA,NA,1,1,1,1,1,1.3816875,1.45658948,0.7130846,0.53518198,0.8699194,-0.72127764,NA,0.693147180559945
"WH","A314","PERO","M",1.716003344,"A",0,0,0,0,NA,NA,NA,1,1,1,1,1,1.3816875,1.45658948,0.7130846,0.53518198,0.8699194,-0.72127764,NA,0.693147180559945
"WH","A315","PERO","F",1.51851394,"A",NA,0,0,0,NA,NA,NA,0,0,0,0,0,1.3816875,1.45658948,0.7130846,0.53518198,0.8699194,-0.72127764,NA,0
"WH","A316","PERO","F",1.414973348,"A",0,0,0,0,NA,NA,NA,0,0,0,0,0,1.3816875,1.45658948,0.7130846,0.53518198,0.8699194,-0.72127764,NA,0
"WH","A317","PERO","F",NA,"A",0,0,0,0,0,0,0,0,0,0,0,0,1.3816875,1.45658948,0.7130846,0.53518198,0.8699194,-0.72127764,0,0
"WH","A335","NEFU","F",2.380211242,"A",NA,1,0,1,1,20,1,1,24,1,3,44,1.3816875,1.45658948,0.7130846,0.53518198,0.8699194,-0.72127764,3.04452243772342,3.2188758248682
"WH","A336","PERO","F",1.371067862,"A",1,0,0,1,0,0,0,0,0,0,1,0,1.3816875,1.45658948,0.7130846,0.53518198,0.8699194,-0.72127764,0,0
"WH","A337","PERO","M",1,"J",NA,0,0,0,NA,NA,NA,0,0,0,0,0,1.3816875,1.45658948,0.7130846,0.53518198,0.8699194,-0.72127764,NA,0
"WH","A4","PERO","M",1.322219295,"A",0,1,1,1,0,0,0,1,3,2,3,3,1.3816875,1.45658948,0.7130846,0.53518198,0.8699194,-0.72127764,0,1.38629436111989
"WH","A5","PERO","M",1.431363764,"A",0,0,0,0,NA,NA,NA,0,0,0,0,0,1.3816875,1.45658948,0.7130846,0.53518198,0.8699194,-0.72127764,NA,0
"WH","A51","PERO","F",1.33243846,"A",0,1,1,1,0,0,0,0,0,0,1,0,1.3816875,1.45658948,0.7130846,0.53518198,0.8699194,-0.72127764,0,0
"WH","A6","PERO","F",1.770852012,"A",NA,0,0,0,1,1,1,1,1,1,2,2,1.3816875,1.45658948,0.7130846,0.53518198,0.8699194,-0.72127764,0.693147180559945,0.693147180559945
"WH","A618","PERO","M",1.643452676,"A",0,1,0,1,0,0,0,0,0,0,1,0,1.3816875,1.45658948,0.7130846,0.53518198,0.8699194,-0.72127764,0,0
"WH","A619","PERO","F",1.278753601,"A",0,0,0,0,NA,NA,NA,0,0,0,0,0,1.3816875,1.45658948,0.7130846,0.53518198,0.8699194,-0.72127764,NA,0
"WH","A620","NEFU","M",1.77815125,"A",0,0,0,0,NA,NA,NA,0,0,0,0,0,1.3816875,1.45658948,0.7130846,0.53518198,0.8699194,-0.72127764,NA,0
"WH","A621","PERO","M",1.380211242,"A",0,0,0,0,NA,NA,NA,0,0,0,0,0,1.3816875,1.45658948,0.7130846,0.53518198,0.8699194,-0.72127764,NA,0
"WH","A622","PERO","F",1.618048097,"A",0,0,0,0,NA,NA,NA,0,0,0,0,0,1.3816875,1.45658948,0.7130846,0.53518198,0.8699194,-0.72127764,NA,0
"WH","A623","PERO","F",1.505149978,"A",1,0,0,1,0,0,0,0,0,0,1,0,1.3816875,1.45658948,0.7130846,0.53518198,0.8699194,-0.72127764,0,0
"WH","A624","PERO","M",1.447158031,"A",0,0,0,0,0,0,0,0,0,0,0,0,1.3816875,1.45658948,0.7130846,0.53518198,0.8699194,-0.72127764,0,0
"WH","A625","NEFU","M",1.361727836,"A",0,0,0,0,NA,NA,NA,1,2,1,1,2,1.3816875,1.45658948,0.7130846,0.53518198,0.8699194,-0.72127764,NA,1.09861228866811
"WH","A639","PERO","F",1.204119983,"J",0,0,0,0,NA,NA,NA,0,0,0,0,0,1.3816875,1.45658948,0.7130846,0.53518198,0.8699194,-0.72127764,NA,0
"WH","A640","PERO","M",1.462397998,"A",0,0,0,0,NA,NA,NA,1,1,1,1,1,1.3816875,1.45658948,0.7130846,0.53518198,0.8699194,-0.72127764,NA,0.693147180559945
"WH","A641","PERO","M",1.301029996,"A",1,1,1,1,0,0,0,1,4,3,5,4,1.3816875,1.45658948,0.7130846,0.53518198,0.8699194,-0.72127764,0,1.6094379124341
"WH","A649","NEFU",NA,NA,"A",NA,0,0,0,NA,NA,NA,1,7,1,1,7,1.3816875,1.45658948,0.7130846,0.53518198,0.8699194,-0.72127764,NA,2.07944154167984
"WH","A7","PERO","F",1.556302501,"A",NA,0,0,0,NA,NA,NA,0,0,0,0,0,1.3816875,1.45658948,0.7130846,0.53518198,0.8699194,-0.72127764,NA,0
"WH","A8","NEFU","M",1.414973348,"A",0,0,0,0,NA,NA,NA,0,0,0,0,0,1.3816875,1.45658948,0.7130846,0.53518198,0.8699194,-0.72127764,NA,0
"WH","A9","PERO","M",1.58546073,"A",0,0,0,0,NA,NA,NA,1,1,1,1,1,1.3816875,1.45658948,0.7130846,0.53518198,0.8699194,-0.72127764,NA,0.693147180559945
"WH","A962","PERO","M",1.51851394,"A",0,0,0,0,NA,NA,NA,1,1,1,1,1,1.3816875,1.45658948,0.7130846,0.53518198,0.8699194,-0.72127764,NA,0.693147180559945
"WH","A964","PERO","M",1.568201724,"A",0,0,0,0,NA,NA,NA,0,0,0,0,0,1.3816875,1.45658948,0.7130846,0.53518198,0.8699194,-0.72127764,NA,0
"WH","A965","PERO","M",1.447158031,"A",0,0,0,0,NA,NA,NA,0,0,0,0,0,1.3816875,1.45658948,0.7130846,0.53518198,0.8699194,-0.72127764,NA,0
"WH","A966","PERO","M",1.176091259,"A",1,0,0,1,0,0,0,1,1,1,2,1,1.3816875,1.45658948,0.7130846,0.53518198,0.8699194,-0.72127764,0,0.693147180559945
"WH","A967","PERO","M",1.176091259,"A",0,0,0,0,NA,NA,NA,0,0,0,0,0,1.3816875,1.45658948,0.7130846,0.53518198,0.8699194,-0.72127764,NA,0
"WH","A970","PERO","M",1.361727836,"A",0,0,0,0,NA,NA,NA,0,0,0,0,0,1.3816875,1.45658948,0.7130846,0.53518198,0.8699194,-0.72127764,NA,0
"WH","A972","PERO","F",1.431363764,"A",0,0,0,0,NA,NA,NA,0,0,0,0,0,1.3816875,1.45658948,0.7130846,0.53518198,0.8699194,-0.72127764,NA,0
"WH","A973","PERO","F",1.447158031,"A",0,0,0,0,NA,NA,NA,0,0,0,0,0,1.3816875,1.45658948,0.7130846,0.53518198,0.8699194,-0.72127764,NA,0
"WH","A975","PERO","M",1.643452676,"A",0,0,0,0,NA,NA,NA,0,0,0,0,0,1.3816875,1.45658948,0.7130846,0.53518198,0.8699194,-0.72127764,NA,0
